{
  "mAP50": 0.9932060062708209,
  "mAP75": 0.9932060062708209,
  "mAP50-95": 0.9895850824552676,
  "evaluated_classes": 54,
  "num_predictions": 278,
  "num_targets": 275
}